Bedrooms,Bathrooms,Dens,Latitude,Longitude,Price,Sq.Ft
2,2,0,43.5816391,-79.648193,2450,958
1,1,1,43.6430505,-79.3916429,2150,1870
1,1,0,43.6606054,-79.3786354,1950,1460
2,2,0,43.6410868,-79.3814048,2900,923
1,1,0,43.6524873,-79.3896218,1800,520
1,1,0,43.6348903,-79.4346541,1729,650
2,1,0,43.3289855,-79.8086183,1685,736
1,1,0,43.6409179,-79.3939821,1900,1970
1,1,0,43.6413078,-79.4000933,1900,570
1,1,1,43.6400685,-79.3999604,2400,1020
1,1,0,43.6684679,-79.3748336,1750,1410
2,1,0,43.6684679,-79.3748336,2000,923
1,1,0,43.6647233,-79.3840836,2200,1390
1,1,1,43.6408157,-79.3817523,2350,600
1,1,0,43.6476273,-79.3904081,2650,1980
1,1,0,43.6567414,-79.3699948,1799,1880
1,1,0,43.6567414,-79.3699948,1899,530
1,1,0,43.6606054,-79.3786354,1950,2000
2,2,0,43.5816391,-79.648193,2450,1046
2,2,0,43.6394055,-79.3932324,3150,1354
2,2,0,43.6431051,-79.375906,3200,1216
1,1,0,43.6480053,-79.3968338,2500,1370
1,1,1,43.6418726,-79.3819064,2400,1080
1,1,0,43.7831897,-79.5985666,1750,1350
2,2,0,43.6423144,-79.3812291,3100,1279
2,2,0,43.6232891,-79.4836951,2999,934
1,1,0,43.7598859,-79.4431384,1250,1500
1,1,0,43.6893623,-79.3528481,1825,850
1,1,1,43.6852857,-79.7614922,1900,1490
2,1,0,43.6893623,-79.3528481,2245,983
1,1,0,43.6410868,-79.3814048,2200,1850
1,1,0,43.6524873,-79.3896218,1800,940
1,1,0,43.6410868,-79.3814048,2200,1260
2,2,0,43.6410868,-79.3814048,2900,921
1,1,0,43.6489727,-79.3872946,2299,1320
1,1,0,43.6606054,-79.3786354,1950,770
1,1,0,43.6606054,-79.3786354,1950,520
2,2,0,43.6410868,-79.3814048,2900,1076
1,1,0,43.670878,-79.3766958,1950,1100
1,1,1,43.661927,-79.3865112,2250,680
2,1.5,0,43.3316744,-79.8153544,2000,1092
2,2,0,43.6505597,-79.3820722,2800,1022
1,1,0,43.6505597,-79.3820722,1900,1810
1,1,0,43.6505597,-79.3820722,1900,1400
1,1,0,43.5583525,-79.5788687,1727,1760
2,1,0,43.6371527,-79.4270923,2230,1006
1,1,0,43.6640557,-79.3737903,1785,1300
1,1,0,43.6640557,-79.3737903,1535,870
2,2,0,43.6410868,-79.3814048,2900,906
1,1,0,43.6524873,-79.3896218,1800,1950
2,2,0,43.6431051,-79.375906,3200,1385
2,2,0,43.64787,-79.391138,2350,1092
1,1,0,43.6371527,-79.4270923,1475,1800
1,1,0,43.6645808,-79.3822956,1815,1590
1,1,0,43.6371527,-79.4270923,1755,1240
1,1,0,43.6450775,-79.3643417,2450,690
1,1,0,43.6522103,-79.3707988,2200,580
2,1,0,43.8792747,-78.9346733,1350,823
1,1,1,43.6473801,-79.3872741,2400,1730
1,1,1,43.6394055,-79.3932324,2424,1400
1,1,0,43.6701586,-79.3756379,1700,1200
1,1,0,43.6684679,-79.3748336,1400,820
1,1,0,43.6684679,-79.3748336,1700,510
1,1,0,43.6887398,-79.7642676,1500,1640
2,2,0,43.5816391,-79.648193,2450,908
1,1,0,43.6489727,-79.3872946,2299,540
2,2,0,43.6431051,-79.375906,3200,1115
1,1,0,43.6489001,-79.392205,2550,830
2,2,0,43.6394055,-79.3932324,3150,1111
2,1,0,43.6887398,-79.7642676,1775,827
1,1,0,43.8506191,-79.3193975,1750,530
1,1,0,43.6418064,-79.3789807,1830,1410
1,1,0,43.6655881,-79.383028,2000,1850
2,1,0,43.6911466,-79.4714355,1850,892
2,1,0,43.6488578,-79.4330072,1300,721
1,1,1,43.6426791,-79.3769938,2275,1170
2,1,0,43.9491784,-78.2934468,1595,718
1,2,1,43.6402232,-79.395951,2500,1370
2,2,0,43.6092614,-79.558998,2380,1022
1,1,0,43.6419081,-79.3817798,2000,570
2,1,0,43.6403508,-79.4275216,2574,1080
2,1,0,43.6403508,-79.4275216,2591,1046
1,1,0,43.682692,-79.4888656,1295,980
1,1,0,43.6541547,-79.3852113,550,960
2,2,0,43.6432077,-79.39211,3200,1321
2,2,0,43.64787,-79.391138,2350,937
2,2,0,43.6410868,-79.3814048,2900,999
1,1,0,43.6410868,-79.3814048,2200,1860
1,1,0,43.6524873,-79.3896218,1800,1010
2,2,0,43.5816391,-79.648193,2450,1060
2,2,0,43.6548421,-79.3792015,3099,1272
2,2,0,43.6655881,-79.383028,3700,1348
2,2,0,43.6504185,-79.3817908,3000,1226
2,1,0,43.6408157,-79.3817523,1500,877
2,2,0,43.6551919,-79.3539119,2999,1020
1,1,0,43.6399343,-79.4164454,2100,1550
2,1,0,43.336221,-79.7869004,1775,720
3,1.5,0,43.705123,-79.5300905,2050,1478
1,1,0,43.705123,-79.5300905,1525,1970
2,1,0,43.705123,-79.5300905,1799,736
2,1,0,43.3451932,-79.8261288,1875,879
2,1,0,43.3289855,-79.8086183,1625,863
1,1,1,43.6430505,-79.3916429,2150,1310
1,1,0,43.6524873,-79.3896218,1800,1140
1,1,0,43.6410868,-79.3814048,2200,730
1,1,0,43.6489727,-79.3872946,2299,1530
2,2,0,43.5816391,-79.648193,2450,942
1,1,0,43.6695496,-79.3837757,2000,1800
1,1,0,43.6469441,-79.3923973,2100,1240
2,2,0,43.5816391,-79.648193,2300,924
2,2,0,43.6667515,-79.3762355,4100,1276
1,1,0,43.6550692,-79.3874705,1200,1700
2,2,0,43.7800331,-79.2810545,2184,947
2,2,0,43.5464869,-79.6854157,2350,1091
1,1,0,43.588602,-79.6317004,1900,1200
1,1,0,43.6669887,-79.3146912,1100,660
2,2,0,43.5816391,-79.648193,2450,962
1,1,0,43.6489727,-79.3872946,2299,1820
2,2,0,43.6394055,-79.3932324,3150,1186
1,1,1,43.6430505,-79.3916429,2150,1580
1,1,0,43.85631,-79.3286298,1800,960
1,1,1,43.6559879,-79.3588769,3200,750
1,1,1,43.6418726,-79.3819064,2400,1580
1,1,0,43.640402,-79.3971467,2100,1930
1,1,0,43.6527574,-79.3665108,2480,1440
1,1,1,43.6458091,-79.3756819,3000,1160
1,1,0,43.6448637,-79.3990598,2250,1520
1,1,0,43.64787,-79.391138,1850,1500
2,1,0,43.336221,-79.7869004,1750,888
1,1,0,43.6695928,-79.3805797,535000,1560
2,1,0,43.3289855,-79.8086183,1675,873
2,2,0,43.6458091,-79.3756819,3400,1339
1,1,0,43.6408455,-79.4143193,2180,1360
1,1,0,43.6694507,-79.3874705,2550,540
1,1,1,43.8413607,-79.3201494,1900,1940
1,1,0,43.8561002,-79.3370188,1800,600
1,1,1,43.6385213,-79.3994638,2300,790
1,1,0,43.660846,-79.3787556,2250,1580
2,2,0,43.6431051,-79.375906,3200,1347
1,1,0,43.6410868,-79.3814048,2200,1450
2,2,0,43.5816391,-79.648193,2450,1041
1,1,0,43.6489727,-79.3872946,2299,1320
1,1,0,43.6489001,-79.392205,2550,1880
1,1,0,43.6485726,-79.3762754,1900,980
1,1,0,43.6281687,-80.041462,1175,1100
2,2,0,43.8497521,-79.3246663,2300,1031
1,1,0,43.653075,-79.370179,2000,1860
1,1,1,43.6739944,-79.441685,1650,1600
2,1,0,43.6415686,-79.4246028,2889,1049
2,2,0,43.6606054,-79.3786354,2800,993
1,1,0,43.6520426,-79.4022416,1300,1540
2,1,0,43.8920474,-78.860868,1250,844
1,1,0,43.6522978,-79.4069977,1300,1800
2,1,0,43.336221,-79.7869004,1750,894
1,1,1,43.6400685,-79.3999604,2400,910
1,1,0,43.6606054,-79.3786354,2000,1180
2,2,0,43.5816391,-79.648193,2450,1087
1,1,0,43.6489727,-79.3872946,2299,510
1,1,0,43.6606054,-79.3786354,1950,1520
2,2,0,43.6410868,-79.3814048,2900,952
1,1,0,43.670878,-79.3766958,1950,1150
1,1,1,43.661927,-79.3865112,2250,1310
2,1.5,0,43.3316744,-79.8153544,2000,1064
2,2,0,43.6505597,-79.3820722,2800,953
1,1,0,43.6505597,-79.3820722,1900,1720
1,1,0,43.6505597,-79.3820722,1900,700
1,1,0,43.5583525,-79.5788687,1727,1300
2,1,0,43.6371527,-79.4270923,2230,1026
1,1,0,43.6640557,-79.3737903,1785,950
1,1,0,43.6640557,-79.3737903,1535,990
2,2,0,43.6410868,-79.3814048,2900,1019
1,1,0,43.6524873,-79.3896218,1800,700
2,2,0,43.6431051,-79.375906,3200,1370
2,2,0,43.64787,-79.391138,2350,1075
1,1,0,43.6371527,-79.4270923,1475,1100
1,1,0,43.6645808,-79.3822956,1815,1590
1,1,0,43.6371527,-79.4270923,1755,630
1,1,0,43.6450775,-79.3643417,2450,820
1,1,0,43.6522103,-79.3707988,2200,1740
2,1,0,43.8792747,-78.9346733,1350,841
1,1,1,43.6473801,-79.3872741,2400,1830
1,1,1,43.6394055,-79.3932324,2424,690
1,1,0,43.6701586,-79.3756379,1700,570
1,1,0,43.6684679,-79.3748336,1400,890
1,1,0,43.6684679,-79.3748336,1700,1270
1,1,0,43.6887398,-79.7642676,1500,1660
2,2,0,43.5816391,-79.648193,2450,978
1,1,0,43.6489727,-79.3872946,2299,920
1,1,0,43.6489001,-79.392205,2550,1690
2,2,0,43.6394055,-79.3932324,3150,1194
2,1,0,43.6887398,-79.7642676,1775,721
1,1,0,43.8506191,-79.3193975,1750,1320
1,1,0,43.6418064,-79.3789807,1830,1470
1,1,0,43.6655881,-79.383028,2000,970
2,1,0,43.6911466,-79.4714355,1850,800
2,1,0,43.6488578,-79.4330072,1300,876
1,1,1,43.6426791,-79.3769938,2275,980
2,1,0,43.9491784,-78.2934468,1595,847
1,2,1,43.6402232,-79.395951,2500,1980
2,2,0,43.6092614,-79.558998,2380,1021
1,1,0,43.6419081,-79.3817798,2000,620
2,1,0,43.6403508,-79.4275216,2574,1023
2,1,0,43.6403508,-79.4275216,2591,1069
1,1,0,43.682692,-79.4888656,1295,1720
1,1,0,43.6541547,-79.3852113,550,510
2,2,0,43.6432077,-79.39211,3200,1205
1,1,0,43.6410868,-79.3814048,2200,1040
2,2,0,43.6548421,-79.3792015,3099,1319
2,2,0,43.6655881,-79.383028,3700,1134
2,2,0,43.6504185,-79.3817908,3000,1212
2,1,0,43.6408157,-79.3817523,1500,897
2,2,0,43.6551919,-79.3539119,2999,949
1,1,0,43.6399343,-79.4164454,2100,1620
2,1,0,43.336221,-79.7869004,1775,727
3,1.5,0,43.705123,-79.5300905,2050,1330
1,1,0,43.705123,-79.5300905,1525,1130
2,1,0,43.705123,-79.5300905,1799,754
2,1,0,43.3451932,-79.8261288,1875,741
2,1,0,43.3289855,-79.8086183,1625,860
1,1,1,43.6430505,-79.3916429,2150,1260
1,1,0,43.6695496,-79.3837757,2000,1460
1,1,0,43.6469441,-79.3923973,2100,1070
2,2,0,43.5816391,-79.648193,2300,941
2,2,0,43.6667515,-79.3762355,4100,1296
1,1,0,43.6550692,-79.3874705,1200,1980
2,2,0,43.7800331,-79.2810545,2184,912
2,2,0,43.5464869,-79.6854157,2350,1079
1,1,0,43.588602,-79.6317004,1900,1480
1,1,0,43.6669887,-79.3146912,1100,530
1,1,0,43.85631,-79.3286298,1800,1060
1,1,1,43.6559879,-79.3588769,3200,1570
1,1,1,43.6418726,-79.3819064,2400,590
1,1,0,43.640402,-79.3971467,2100,1600
1,1,0,43.6527574,-79.3665108,2480,1820
1,1,1,43.6458091,-79.3756819,3000,980
1,1,0,43.6448637,-79.3990598,2250,1210
1,1,0,43.64787,-79.391138,1850,1160
2,1,0,43.336221,-79.7869004,1750,753
1,1,0,43.6695928,-79.3805797,535000,790
2,1,0,43.3289855,-79.8086183,1675,759
2,2,0,43.6458091,-79.3756819,3400,1134
1,1,0,43.6408455,-79.4143193,2180,1730
1,1,0,43.6694507,-79.3874705,2550,930
1,1,1,43.8413607,-79.3201494,1900,1170
1,1,0,43.8561002,-79.3370188,1800,1720
1,1,1,43.6385213,-79.3994638,2300,810
1,1,0,43.660846,-79.3787556,2250,1570
1,1,0,43.6485726,-79.3762754,1900,1300
1,1,0,43.6281687,-80.041462,1175,550
2,2,0,43.8497521,-79.3246663,2300,905
1,1,0,43.653075,-79.370179,2000,1500
1,1,1,43.6739944,-79.441685,1650,1040
2,1,0,43.6415686,-79.4246028,2889,1058
2,2,0,43.6606054,-79.3786354,2800,1066
1,1,0,43.6520426,-79.4022416,1300,1880
2,1,0,43.8920474,-78.860868,1250,712
1,1,0,43.6522978,-79.4069977,1300,1040
2,1,0,43.336221,-79.7869004,1750,888
1,1,1,43.6400685,-79.3999604,2400,930
1,1,0,43.6606054,-79.3786354,2000,640
1,1,0,43.6606054,-79.3786354,1950,1140
1,1,0,43.660269,-79.3828002,2450,630
2,2,0,43.660269,-79.3828002,3450,1184
1,1,0,43.659329,-79.3826747,2350,1210
2,2,0,43.6567332,-79.375154,2900,905
1,1,1,43.5897603,-79.6484562,2200,740
1,1,0,43.6469441,-79.3923973,1850,1820
1,1,1,43.5340709,-79.6245936,2150,1030
1,1,0,43.653978,-79.3541341,1900,870
1,1,0,43.6387003,-79.4121833,2200,500
3,2,0,56.130366,-106.346771,4000,1762
3,2,0,43.6467641,-79.3922208,3200,1645
1,1,0,43.6441737,-79.3894209,2500,1660
1,1.5,0,43.6070571,-79.4949066,1200,1270
1,1,0,43.645271,-79.3763951,2600,1210
1,1,1,43.6406042,-79.3971881,1750,1040
2,2,0,43.6695928,-79.3805797,3575,1226
2,1,0,43.6383175,-79.3977947,3200,1312
2,1,0,43.6469441,-79.3923973,2500,902
1,1,0,43.6606054,-79.3786354,1850,1520
1,1,0,43.6469441,-79.3923973,2100,1060
1,1,0,43.3202733,-79.8031017,1575,1110
1,1,0,43.6606054,-79.3786354,1950,1480
1,1,0,43.6660964,-79.3873217,2400,770
1,2,1,43.7749828,-79.3450961,2000,1010
2,2,0,43.6691457,-79.3759018,2000,983
1,1,0,43.6691457,-79.3759018,1650,570
1,1,0,43.6691457,-79.3759018,1550,1540
2,1.5,0,43.8975848,-78.8553098,1250,873
1,2,1,43.5904968,-79.6329287,2150,1110
1,1,1,43.7799939,-79.3446008,1600,1970
3,1.5,0,43.6411088,-79.419448,3450,1709
1,1,1,43.64894,-79.378086,2950,1230
2,1,0,43.8975848,-78.8553098,1350,744
2,1,0,43.6519582,-79.3688547,2550,993
1,1,0,43.6367593,-79.3978503,1900,1370
1,1,1,43.6216017,-79.4828681,2450,870
1,1,1,43.6618956,-79.3857479,2500,1640
1,1,0,43.6400577,-79.379201,2800,1900
1,1,0,43.8516467,-79.326656,1600,1200
1,1,1,43.658981,-79.362919,2099,1240
1,1,1,43.6525764,-79.3670659,2350,780
1,1,1,43.6525764,-79.3670659,2350,720
1,1,0,43.6888971,-79.4119836,1617,650
2,1,0,43.8929835,-78.8727317,1500,815
1,1,0,43.6547577,-79.4008271,1750,590
1,1,0,43.647632,-79.3929626,2100,1840
1,1,0,43.6606054,-79.3786354,1950,1640
2,2,0,43.8499379,-79.3275055,2150,913
2,2,0,43.6421671,-79.3819283,2800,982
2,1.5,0,43.3316744,-79.8153544,2000,918
2,2,0,43.6505597,-79.3820722,2800,942
1,1,0,43.6505597,-79.3820722,1900,1580
1,1,0,43.6505597,-79.3820722,1900,1390
1,1,0,43.6450775,-79.3643417,2450,990
1,1,0,43.6522103,-79.3707988,2200,1670
2,1,0,43.8792747,-78.9346733,1350,884
1,1,1,43.6473801,-79.3872741,2400,660
1,1,1,43.6394055,-79.3932324,2424,1430
1,1,0,43.6701586,-79.3756379,1700,1020
1,1,0,43.6684679,-79.3748336,1400,800
1,1,0,43.6684679,-79.3748336,1700,1880
1,1,0,43.6887398,-79.7642676,1500,1730
2,1,0,43.6887398,-79.7642676,1775,758
1,1,0,43.6418064,-79.3789807,1830,1060
1,1,0,43.6655881,-79.383028,2000,1530
2,1,0,43.6911466,-79.4714355,1850,788
2,1,0,43.6488578,-79.4330072,1300,846
1,1,1,43.6426791,-79.3769938,2275,2000
1,1,0,43.6531643,-79.3900311,2480,530
2,2,0,43.64787,-79.391138,2350,1068
2,2,0,43.6431051,-79.375906,3200,1191
2,1,0,43.9491784,-78.2934468,1595,774
1,2,1,43.6402232,-79.395951,2500,1370
2,2,0,43.6092614,-79.558998,2380,1055
1,1,0,43.6419081,-79.3817798,2000,1710
2,1,0,43.6403508,-79.4275216,2574,1010
2,1,0,43.6403508,-79.4275216,2591,956
1,1,0,43.682692,-79.4888656,1295,1520
1,1,0,43.6541547,-79.3852113,550,1150
2,2,0,43.6548421,-79.3792015,3099,1146
2,2,0,43.6655881,-79.383028,3700,1374
2,1,0,43.6408157,-79.3817523,1500,811
2,2,0,43.6551919,-79.3539119,2999,1081
1,1,0,43.6399343,-79.4164454,2100,640
3,1.5,0,43.705123,-79.5300905,2050,1432
1,1,0,43.705123,-79.5300905,1525,750
2,1,0,43.705123,-79.5300905,1799,743
2,1,0,43.3451932,-79.8261288,1875,711
2,1,0,43.3289855,-79.8086183,1625,884
1,1,1,43.6400685,-79.3999604,2400,540
1,1,0,43.6648437,-79.3859297,2500,1180
2,1,0,43.645641,-79.3929534,1900,738
1,1,0,43.6410868,-79.3814048,2200,1690
1,1,0,43.6476273,-79.3904081,2650,1740
1,1,0,43.6695496,-79.3837757,2000,730
2,2,0,43.5816391,-79.648193,2300,956
1,1,0,43.6550692,-79.3874705,1200,770
2,2,0,43.7800331,-79.2810545,2184,1063
2,2,0,43.5464869,-79.6854157,2350,1015
1,1,0,43.588602,-79.6317004,1900,1120
1,1,0,43.6669887,-79.3146912,1100,1840
1,1,0,43.85631,-79.3286298,1800,1060
1,1,1,43.6559879,-79.3588769,3200,830
1,1,1,43.6418726,-79.3819064,2400,960
1,1,0,43.640402,-79.3971467,2100,1760
1,1,0,43.6527574,-79.3665108,2480,1730
1,1,1,43.6458091,-79.3756819,3000,1770
1,1,0,43.6448637,-79.3990598,2250,1440
1,1,0,43.64787,-79.391138,1850,1780
2,1,0,43.336221,-79.7869004,1750,759
1,1,0,43.6695928,-79.3805797,535000,780
2,2,0,43.6458091,-79.3756819,3400,1151
1,1,0,43.6408455,-79.4143193,2180,1150
1,1,0,43.6694507,-79.3874705,2550,1130
1,1,1,43.8413607,-79.3201494,1900,1190
1,1,0,43.8561002,-79.3370188,1800,540
1,1,1,43.6385213,-79.3994638,2300,1910
1,1,0,43.660846,-79.3787556,2250,1230
1,1,0,43.6485726,-79.3762754,1900,1750
1,1,0,43.6281687,-80.041462,1175,1000
2,2,0,43.8497521,-79.3246663,2300,932
1,1,0,43.653075,-79.370179,2000,1330
1,1,1,43.6739944,-79.441685,1650,1600
2,1,0,43.6415686,-79.4246028,2889,1019
2,2,0,43.6606054,-79.3786354,2800,1077
1,1,0,43.6520426,-79.4022416,1300,1850
2,1,0,43.8920474,-78.860868,1250,763
1,1,0,43.6522978,-79.4069977,1300,650
2,1,0,43.336221,-79.7869004,1750,848
1,1,1,43.6400685,-79.3999604,2400,1250
1,1,0,43.6606054,-79.3786354,2000,1980
1,1,0,43.659329,-79.3826747,2350,590
2,2,0,43.6567332,-79.375154,2900,1017
2,2,0,43.6410868,-79.3814048,2900,1044
2,2,0,43.6652335,-79.3842932,3300,1219
1,1,1,43.5897603,-79.6484562,2200,1360
1,1,0,43.6469441,-79.3923973,1850,1140
1,1,1,43.5340709,-79.6245936,2150,740
1,1,0,43.653978,-79.3541341,1900,1270
1,1,0,43.6387003,-79.4121833,2200,580
3,2,0,56.130366,-106.346771,4000,1575
3,2,0,43.6467641,-79.3922208,3200,1626
1,1,0,43.6441737,-79.3894209,2500,1490
1,1.5,0,43.6070571,-79.4949066,1200,650
1,1,0,43.645271,-79.3763951,2600,610
2,2,0,43.6695928,-79.3805797,3575,1285
2,1,0,43.6383175,-79.3977947,3200,1273
2,1,0,43.6469441,-79.3923973,2500,1073
1,1,0,43.6606054,-79.3786354,1850,1900
1,1,0,43.6469441,-79.3923973,2100,1480
1,1,0,43.3202733,-79.8031017,1575,1040
1,1,0,43.6606054,-79.3786354,1950,860
1,1,0,43.6660964,-79.3873217,2400,880
1,1,0,43.6524873,-79.3896218,1800,780
2,1.5,0,43.8975848,-78.8553098,1250,716
1,1,1,43.8533775,-79.3254313,1700,1360
1,2,1,43.5904968,-79.6329287,2150,1310
3,1.5,0,43.6411088,-79.419448,3450,1862
1,1,1,43.6430505,-79.3916429,2150,680
2,1,0,43.8975848,-78.8553098,1350,726
2,1,0,43.6519582,-79.3688547,2550,959
1,1,0,43.6367593,-79.3978503,1900,1530
1,1,1,43.6216017,-79.4828681,2450,710
1,1,1,43.6618956,-79.3857479,2500,870
1,1,0,43.6400577,-79.379201,2800,1170
1,1,0,43.8516467,-79.326656,1600,1800
1,1,1,43.658981,-79.362919,2099,1230
1,1,1,43.6525764,-79.3670659,2350,500
1,1,0,43.6888971,-79.4119836,1617,710
1,1,0,43.6547577,-79.4008271,1750,1220
2,2,0,43.6601107,-79.3858871,2950,940
2,2,0,43.7614611,-79.4098016,3000,1308
1,1,0,43.6493806,-79.3745319,2200,760
2,2,0,43.5798725,-79.6462449,2300,1030
1,1,0,43.6551919,-79.3539119,2200,830
1,1,0,43.6527574,-79.3665108,2450,800
1,1,0,43.6596793,-79.4292906,1857,1050
1,1,0,43.6596793,-79.4292906,1757,890
1,1,0,43.6596793,-79.4292906,1597,1270
1,1,0,43.7486405,-79.4371391,1817,750
1,1,0,43.7716173,-79.4432608,1717,1750
2,1,0,43.7716173,-79.4432608,2017,1007
2,1,0,43.7486405,-79.4371391,2177,900
1,1,0,43.6599474,-79.4308197,1857,940
1,1,0,43.6589956,-79.4296933,1757,600
1,1,0,43.6589956,-79.4296933,1717,1460
1,1,0,43.6589956,-79.4296933,1597,1380
1,1,0,43.7750925,-79.3490639,1927,1400
1,1.5,1,43.971005,-79.2489009,1800,1410
1,1,0,43.6718131,-79.3415391,2000,830
1,1,1,43.6408637,-79.3957393,2350,1870
2,1,0,43.6911466,-79.4714355,1850,741
1,1,0,43.6608355,-79.3858556,750,1770
1,1,0,43.6485726,-79.3762754,1850,1170
2,1,0,43.6644404,-79.3749819,2100,962
1,1,0,43.653226,-79.3831843,2800,870
2,2,0,43.5862105,-79.6429298,2450,904
3,2,0,43.6387842,-79.3988635,3500,1548
1,1,1,43.6476244,-79.3968608,2700,1940
1,1,0,43.640402,-79.3971467,2100,1440
1,1,0,43.6398254,-79.4122306,2250,1750
2,2,0,43.6413402,-79.4181394,3200,1236
1,1,1,43.6473801,-79.3872741,2400,1960
1,1.5,1,43.8571804,-79.3219101,1850,500
2,1,0,43.8982151,-78.8657053,1450,829
1,1,0,43.6531643,-79.3900311,2099,980
3,2,0,43.7634866,-79.3459836,2000,1369
1,1,0,43.6434855,-79.3923045,2300,1530
1,1,0,43.6469441,-79.3923973,2090,1860
1,1,0,43.6488411,-79.3779693,2200,1430
1,1.5,1,43.6606054,-79.3786354,2300,1490
1,1,1,43.6610628,-79.3515415,2500,1690
2,2,0,43.6456126,-79.3825854,3200,1385
1,1,1,43.5634487,-79.7433173,2499,950
1,1,0,43.6610628,-79.3515415,2500,1020
2,2,0,43.6444084,-79.3765617,3000,1278
1,2,1,43.6523308,-79.3560136,2300,1960
1,1,0,43.660846,-79.3787556,1850,660
1,2,0,43.6505597,-79.3820722,2800,1790
1,1,0,43.6687827,-79.3799595,1195,950
1,1,0,43.4495669,-79.6646388,1350,1270
1,1,0,44.1144545,-79.5676753,1100,940
1,1,0,44.1144545,-79.5676753,1100,1870
1,1,0,44.1144545,-79.5676753,1100,1980
1,1,0,43.6505597,-79.3820722,1900,990
2,1,0,43.8534989,-79.0801505,1730,864
1,1,0,43.6349738,-79.4351859,1429,860
1,1,1,43.6418891,-79.3837936,2400,690
1,1,1,43.6629771,-79.386217,2200,800
1,1,1,43.5864127,-79.6471538,1850,1980
1,1,0,43.648742,-79.3868108,2400,940
1,1,0,43.6790089,-79.3438994,1300,1160
1,1,0,43.6417851,-79.3790058,2600,1770
1,1,0,43.6676701,-79.389445,2410,1650
2,1,0,43.6676701,-79.389445,2915,1086
2,1,0,43.5924953,-79.6324462,1700,706
1,1,0,43.6676701,-79.389445,2035,870
2,2,0,43.7106966,-79.7272366,1780,724
1,1,1,43.6402772,-79.4241261,2200,1880
1,1.5,0,44.1210692,-79.5649097,925,1530
1,1,0,43.6469441,-79.3923973,2150,1510
1,1,0,43.5816391,-79.648193,1950,800
1,1,0,43.3267886,-79.7955236,2200,1190
2,2,0,43.661198,-79.3816644,2800,1000
1,1,0,43.661198,-79.3816644,2000,1090
1,1,0,43.3267271,-79.8021823,1375,1000
1,1,1,43.7306927,-79.3273194,1850,1250
1,1,0,43.6583179,-79.3682357,1380,860
1,1,0,43.85631,-79.3286298,1800,1220
1,1,0,43.654262,-79.385975,2500,1310
1,1,0,43.6598307,-79.3805207,2300,1860
2,1,0,43.6416068,-79.3822802,1180,796
1,1,0,43.6415846,-79.3826205,2650,1220
2,1,0,43.6784677,-79.4464682,2000,997
1,1,0,43.6565369,-79.3544975,2450,1470
1,1,0,43.6489727,-79.3872946,2299,750
2,2,0,43.8499379,-79.3275055,2150,917
2,2,0,43.6410868,-79.3814048,2900,1079
1,1,0,43.6410868,-79.3814048,2200,520
2,2,0,43.6431051,-79.375906,3200,1354
1,1,0,43.6476273,-79.3904081,2650,1020
2,2,0,43.6652335,-79.3842932,3300,1325
1,1,1,43.6400685,-79.3999604,2400,2000
1,1,0,43.647632,-79.3929626,2100,590
1,1,0,43.6531643,-79.3900311,2480,1000
1,1,0,43.7046478,-79.5275537,1520,880
1,1,0,43.7046478,-79.5275537,1520,1630
1,1,0,43.6683764,-79.3806431,1750,590
2,1,0,43.625159,-79.4787203,2550,910
2,2,0,43.6651058,-79.3769009,3200,1119
1,1,0,43.6489001,-79.392205,2100,1310
1,1,0,43.6484292,-79.3822802,1300,660
1,1,0,43.6419081,-79.3817798,2050,1760
1,1,1,43.8521463,-79.3278873,1900,1990
2,2,0,43.64787,-79.391138,2350,1097
1,1,0,43.6488576,-79.3781453,2750,680
1,1,0,43.6665599,-79.3791219,1795,1630
1,1,0,43.6867088,-79.3992577,1950,640
2,1,0,43.9059866,-80.0929529,1790,889
1,1,0,43.6520584,-79.3714575,2450,530
1,1,1,43.6406456,-79.380939,1830,1730
1,1,0,43.6648437,-79.3859297,2500,1560
1,1,1,43.8297388,-79.5656779,2400,500
1,1,0,43.6425462,-79.3772655,1600,1200
2,1,0,43.6594213,-79.3610251,1600,814
1,1.5,0,43.6550554,-79.3847211,2800,1900
1,1,0,43.6710818,-79.3807435,1970,1170
1,1,0,43.8413956,-79.0924175,1250,1530
1,1,0,43.6527574,-79.3665108,2000,650
2,2,0,43.8427424,-79.2706616,2500,1067
1,1,0,43.6621286,-79.3769576,1305,1730
1,1,1,43.6458091,-79.3756819,2600,1580
1,1,0,43.6527574,-79.3665108,2200,1930
1,1,0,43.6418726,-79.3819064,2450,1800
1,1,0,43.6703202,-79.3944332,1900,600
2,2,0,43.6551919,-79.3539119,3000,1221
1,1,0,43.6431366,-79.3805285,2200,1300
1,1,0,43.6710818,-79.3807435,1650,630
1,1,0,43.78995,-79.5461535,1950,1710
1,1,1,43.8533775,-79.3254313,1700,860
1,1,0,43.6606054,-79.3786354,1950,1970
1,1,0,43.6232891,-79.4836951,1950,1480
2,2,0,43.6619074,-79.3782085,4000,1365
1,1,0,43.6439201,-79.3994776,2700,1270
1,1,0,43.6611083,-79.4987507,1100,1420
1,1,0,43.6598307,-79.3805207,1000,1300
2,2,0,43.7956959,-79.5203179,2500,918
1,1,1,43.6397355,-79.3904175,2600,1390
1,1,1,43.653978,-79.3541341,2250,980
1,1,1,43.6524331,-79.3888604,2400,1940
2,1,0,43.5942563,-79.6029457,1850,720
2,1,0,43.683063,-79.771759,1350,807
1,1,0,43.6469441,-79.3923973,2050,1760
1,2,0,43.6453398,-79.4021851,2650,1860
1,1,1,43.7672565,-79.2227339,1860,1270
3,2,0,43.5942563,-79.6029457,2100,1428
3,2,0,43.6503403,-79.3876465,3900,1758
1,1,0,43.6434855,-79.3923045,2100,1110
2,1,0,43.6343542,-79.4352696,1779,797
1,1,0,43.6382884,-79.4360532,1929,1640
1,1,0,43.6604566,-79.3784972,2000,1300
2,2,0,43.3173164,-79.8051158,3200,1171
2,2,0,43.6356261,-79.4268735,2800,937
1,1,0,43.5921361,-79.5326816,1750,620
1,1,0,43.6673847,-79.3826756,1568,560
1,1,0,43.6665804,-79.4009394,1200,720
2,2,0,43.338737,-79.8100685,2200,1009
1,1,0,43.6469441,-79.3923973,2050,1390
2,2,0,43.642282,-79.3828265,3150,1284
1,1,0,43.6447693,-79.3970587,1600,1650
1,1,0,43.6667107,-79.4043508,1500,1670
1,1,0,43.6426791,-79.3769938,1900,1030
1,1,0,43.7147936,-79.4283233,1750,1930
2,2,0,43.6460058,-79.3899085,3100,1209
1,1,1,43.6414082,-79.3912531,2950,1410
3,1,0,43.1041257,-79.0654766,1350,1287
1,1,0,43.6451493,-79.3908133,1300,1140
2,2,0,43.6594213,-79.3610251,2600,1049
2,1,0,43.645641,-79.3929534,1900,886
2,2,0,43.8539142,-79.3381945,2300,961
1,1,0,43.6616824,-79.3833791,2200,990
1,1,0,43.6418064,-79.3789807,2500,1050
1,2,0,43.640402,-79.3971467,3600,760
1,1,0,43.6691531,-79.3873723,2050,1190
1,1,0,43.6687998,-79.3759678,1600,510
1,1,0,43.6397444,-79.3837757,2300,1700
1,1,1,43.6520027,-79.4492618,2250,710
2,2,0,43.6487831,-79.3880423,4050,1124
2,2,0,43.6487831,-79.3880423,4100,1360
1,1,0,43.7087795,-79.4447062,850,1030
1,1,1,43.6568825,-79.3835616,2000,1580
3,2,0,43.6415283,-79.3833016,4200,1892
1,1,1,43.6469126,-79.3902415,2300,900
2,1.5,0,43.6421316,-79.4013687,2300,1052
1,1,1,43.6629771,-79.386217,2200,1520
2,2,0,43.8568796,-79.324595,2475,1076
1,1,0,43.5494504,-79.719706,1750,950
2,2,0,43.6421671,-79.3819283,2800,1080
1,1,0,43.5494504,-79.719706,1750,1870
1,1,1,43.6402772,-79.4241261,2200,920
1,1,0,43.8568796,-79.324595,1690,720
1,1,0,43.6398173,-79.4373797,1849,870
1,1,0,43.6418726,-79.3819064,2100,650
1,1,1,44.079119,-80.2011728,1300,1150
1,1,0,43.6454236,-79.3962213,2200,1190
1,1,0,43.6247335,-79.4995337,1450,890
1,1,1,43.6524331,-79.3888604,2545,1900
1,1,0,44.5007687,-80.2169047,1750,1350
1,1,1,43.6538906,-79.3689511,2450,920
2,2,0,43.6394963,-79.5640901,2200,1017
2,2,0,43.6505597,-79.3820722,2800,940
1,1,1,43.6690744,-79.3911301,1799,600
1,1,0,43.653978,-79.3541341,2050,1560
2,1,0,43.8792747,-78.9346733,1350,808
1,1,1,43.971005,-79.2489009,1675,580
1,1,1,43.6415846,-79.3826205,2350,1110
1,1,0,43.6428951,-79.4281018,2000,1540
1,1,0,43.66703,-79.3763862,2300,990
3,2,0,43.6606054,-79.3786354,3200,1840
1,1,0,43.6361646,-79.4033004,2200,840
1,1,0,43.6391261,-79.4192221,1900,1580
2,1,0,43.6412101,-79.3938921,2600,1059
2,1,0,43.665271,-79.4476835,2600,970
1,1,0,43.6515793,-79.39008,3750,1410
2,1,0,43.8978185,-78.863977,1250,892
1,1,0,43.6515793,-79.39008,2500,1110
2,1.5,0,43.7485568,-79.506065,1300,800
1,1,0,43.6460983,-79.3760549,2250,1480
1,1,1,43.9514277,-78.294416,1200,1970
1,1,1,43.6653563,-79.387999,2300,1660
1,1,0,43.6659564,-79.4047989,650,1350
2,1,0,43.3267271,-79.8021823,2975,1097
1,1,0,43.651955,-79.3896477,2000,1490
1,1,0,43.6452974,-79.3923967,4700,1950
1,1,0,43.6418064,-79.3789807,2550,1350
1,1,1,43.7505012,-79.4639723,1950,590
2,2,0,43.6415846,-79.3826205,3100,1161
2,2,0,43.9137913,-78.6878692,1850,805
1,2,0,43.65006,-79.3578814,1500,1950
1,1,0,43.6692283,-79.3799488,1480,510
3,2,0,43.6723273,-79.4287263,4625,1553
1,1,1,43.6527574,-79.3665108,2200,960
1,2,1,43.6274471,-79.4783741,2350,960
1,1,0,43.6469441,-79.3923973,2050,1090
1,1,0,43.6655881,-79.383028,2100,770
1,1,0,43.6655881,-79.383028,2100,750
2,2,0,43.6344756,-79.4015886,3300,1383
2,2,0,43.6458091,-79.3756819,4000,1144
1,1,1,43.588602,-79.6317004,1875,1820
1,1,0,43.6680834,-79.3906814,2525,800
1,1,0,43.6383068,-79.4147858,2100,620
1,1,0,43.9601589,-78.1648364,850,940
1,1,0,43.6446286,-79.3929331,2300,1200
2,2,0,43.8499379,-79.3275055,2450,943
2,1,0,43.6474943,-79.435995,2750,960
1,1,0,43.672735,-79.4023802,1900,1520
1,1,0,43.6616564,-79.4099423,1700,1280
1,1,0,43.682588,-79.417815,2450,900
1,1,0,43.6676141,-79.3864589,2500,570
1,1,0,43.6394055,-79.3932324,2300,1060
2,1,0,43.6420242,-79.4230597,2800,904
1,1,0,43.6583179,-79.3682357,1380,1310
1,1,1,43.6405271,-79.397104,2350,740
1,1,0,43.6505597,-79.3820722,2050,550
1,1,0,43.6413078,-79.4000933,850,1260
2,2,0,43.6366681,-79.4004451,2600,1096
1,1,1,43.6468281,-79.4024241,2300,800
1,1.5,0,43.6471397,-79.5265814,1550,1340
1,1,0,43.6806017,-79.2893327,1600,590
2,2,0,43.6638522,-79.3841153,2600,934
2,1,0,43.6605397,-79.3786617,2800,919
1,1,0,43.6575221,-79.3899928,1750,1960
1,1,0,43.6394055,-79.3932324,2000,1590
3,1,0,43.6486411,-79.4011928,3600,1710
3,2,0,43.6419081,-79.3817798,3800,1726
2,2,0,43.7206419,-79.3493968,2400,956
1,1,0,43.6400247,-79.3812245,2200,1640
2,2,0,43.6406456,-79.380939,3200,1106
1,1,1,43.6418726,-79.3819064,2300,1040
2,1,0,43.8946417,-78.8696396,1300,721
1,1,0,43.6387842,-79.3988635,2600,1340
3,3,0,43.7073197,-79.4002252,1300,1233
2,2,0,43.6418064,-79.3789807,2950,978
1,1,0,43.6488576,-79.3781453,2350,1850
2,1,0,43.6415328,-79.4240715,2400,952
1,1,0,43.6721931,-79.3878664,2000,1480
1,1,0,43.6349738,-79.4351859,1729,1590
1,1,0,43.5446193,-80.2473831,975,1490
2,1,0,43.4443781,-79.683067,1700,863
2,2,0,43.6467641,-79.3922208,2500,910
2,2,0,43.7565895,-79.4054146,2350,936
1,1,0,43.6678174,-79.3831111,1750,950
2,1,0,43.6678174,-79.3831111,2850,901
2,2,0,43.4422541,-79.6731017,2800,1056
1,2,1,43.6274471,-79.4783741,2450,1690
1,1,0,43.850094,-79.3234946,1850,1830
2,2,0,43.850094,-79.3234946,2150,1093
1,1,1,43.6464345,-79.3918689,2450,1370
1,1,0,43.6464345,-79.3918689,2450,1450
1,1,0,43.6410868,-79.3814048,2150,1610
1,1,1,43.6418064,-79.3789807,2600,1100
1,1,0,43.6444602,-79.4024689,2200,1950
1,1,0,43.6693009,-79.3841709,2400,810
2,2,0,43.7789286,-79.3241989,2500,1048
1,1,0,43.6539487,-79.3885701,1900,1110
1,1,0,43.652812,-79.3733062,1975,530
1,1,0,43.8757743,-79.4214372,900,850
2,2,0,43.637287,-79.396355,2800,1020
1,1,0,43.6398173,-79.4373797,1449,1540
2,2,0,43.6487831,-79.3880423,4000,1281
1,1,0,43.6413595,-79.3725145,2100,910
1,1,0,43.6460983,-79.3760549,2250,1510
1,1,1,43.6469441,-79.3923973,2300,1450
2,2,0,43.6367119,-79.4206384,2000,1080
2,2,0,43.6527574,-79.3665108,2775,952
1,1,1,43.6423708,-79.4241905,2000,1940
1,1,1,43.6423708,-79.4241905,2000,1120
2,1,0,43.6578373,-79.3806087,1200,866
1,1,0,43.665173,-79.3410685,2100,1330
1,1,1,43.6243053,-79.488423,2100,1630
2,1,0,43.8849512,-78.8326016,1350,840
2,1,0,43.6672109,-79.3891532,3099,1134
2,2,0,43.960557,-78.164838,1200,822
1,1,0,43.6387842,-79.3988635,2600,710
2,2,0,43.5949126,-79.6357361,2299,1012
1,1,0,43.6393466,-79.3997415,2150,810
1,1,0,43.6543938,-79.3759018,1930,1410
3,1,0,43.6403508,-79.4275216,2707,1307
1,1,0,43.6520584,-79.3714575,2500,990
1,1,1,43.6413655,-79.3914457,2300,980
2,2,0,43.6437964,-79.4284926,2000,1037
1,2,1,43.6274471,-79.4783741,2450,690
1,1,0,43.6302091,-80.0410457,1150,1480
2,1,0,43.6383993,-79.4144482,2699,926
1,1,0,43.6375235,-79.400877,2400,1320
1,1,1,43.8528627,-79.3386881,1800,1930
1,1,1,43.6460983,-79.3760549,2450,1490
1,1,0,43.6471397,-79.5265814,1400,1130
2,2,0,43.6551919,-79.3539119,4000,1394
1,1,0,43.6417851,-79.3790058,2300,1480
1,1,0,43.6865112,-79.3995216,150,1180
1,1,0,43.645396,-79.3942439,1900,1320
2,2,0,43.645396,-79.3942439,2500,1060
1,1,0,43.6475126,-79.3927022,1600,1910
2,2,0,43.6527574,-79.3665108,3500,1358
1,1,0,43.6515926,-79.3875585,1700,1790
1,1,1,43.6095324,-79.5570952,2100,1440
2,1,0,43.931288,-78.8862875,1500,861
1,1,0,43.9487179,-78.9479159,1350,1890
1,1,0,43.670811,-79.3852395,1699,800
1,1,0,43.6495569,-79.3872283,2200,1320
1,1,0,43.6598307,-79.3805207,1700,610
1,1,0,43.6641794,-79.3755059,2100,1120
1,1,0,43.6647727,-79.3869867,2000,1600
1,1,0,43.6351036,-79.4010133,2100,1590
2,2,0,43.655111,-79.3756429,2990,1099
1,1,0,43.6469441,-79.3923973,2200,1600
1,1,0,43.6460058,-79.3899085,1900,1420
1,1,0,43.6428951,-79.4281018,2000,1230
1,1,0,43.6423708,-79.4241905,2000,1100
2,2,0,43.6423708,-79.4241905,2000,1100
3,1,0,44.0570506,-79.4555118,1900,1284
2,2,0,43.8999695,-78.8601161,2395,1026
1,1,0,43.6428951,-79.4281018,2000,940
2,2,0,43.6365382,-79.41931,2000,978
1,1,0,43.6487831,-79.3880423,2250,1990
1,1,1,43.7957594,-79.5204723,1850,1630
1,1,0,43.6700064,-79.3976944,1760,590
2,2,0,43.6500917,-79.3873738,3600,1152
1,1,0,43.6527574,-79.3665108,2050,550
2,2,0,43.6531574,-79.3686431,2950,999
2,1,0,43.5281241,-79.866827,2000,937
1,2,0,43.6402232,-79.395951,2500,530
1,1,0,43.6652335,-79.3842932,99,1350
1,1,0,43.6458091,-79.3756819,2650,1940
2,1,0,43.6661636,-79.4276187,2400,1036
1,1,0,43.6431051,-79.375906,2250,1980
1,1,0,43.6489727,-79.3872946,2350,560
2,2,0,43.7658605,-79.3855003,2650,1068
1,1,1,43.6525764,-79.3670659,2450,1740
2,2,0,43.658897,-79.383798,2950,1025
1,1,0,43.6984043,-79.3948245,2800,1150
1,1,0,43.6687589,-79.3812685,1850,1870
1,1,0,43.3264539,-79.8003871,1750,1640
1,1,0,43.6606054,-79.3786354,2250,530
1,1,1,43.6390962,-79.3864748,2600,1480
2,2,0,43.626966,-79.4784876,3000,1148
1,1,1,43.692657,-79.2648481,1200,1680
2,2,0,43.6375235,-79.400877,3500,1399
2,2,0,43.6505597,-79.3820722,3000,1381
1,1,0,43.5860554,-79.6442402,2000,960
1,1,0,43.3349584,-79.8078173,1275,1690
2,1,0,43.3289855,-79.8086183,1600,859
1,1,0,43.6468787,-79.3972126,2900,1090
1,1,0,43.653226,-79.3831843,2000,1500
1,2,0,43.6586892,-79.4125775,65,2000
1,1,1,43.5860554,-79.6442402,2000,1220
1,1,1,43.6476273,-79.3904081,2350,1460
1,1,0,43.6417851,-79.3790058,2550,1480
1,1,0,43.6777793,-79.2861931,1300,1450
1,2,1,43.7827052,-79.581291,1900,740
1,1,0,44.1114574,-79.5700826,1000,1070
1,1,0,43.6374082,-79.4066461,1900,690
1,1,0,43.6521506,-79.3754775,2300,1590
1,1,0,43.6659283,-79.383465,2100,1520
2,1,0,43.961937,-78.168754,1450,844
1,1,0,43.6576911,-79.3801612,1800,1170
1,1,0,43.6359631,-79.4357489,1595,1610
3,3,0,43.6730167,-79.4399334,2500,1330
2,2,0,43.659329,-79.3826747,2100,904
1,1,1,43.6413655,-79.3914457,2700,1350
1,1,0,43.6679021,-79.3756819,2600,1620
2,2,0,43.6601367,-79.3858692,2950,933
2,2,0,43.6601526,-79.3648897,2800,949
1,1,0,43.6695928,-79.3805797,1850,1140
2,2,0,43.6444084,-79.3765617,2500,938
2,2,0,43.6490882,-79.3762537,3400,1368
2,2,0,43.6695928,-79.3805797,3100,1342
2,1,0,43.320557,-79.803979,1600,750
1,1,1,43.5851682,-79.6460669,2050,1580
2,2,0,43.3324553,-79.8093698,1532,812
1,1,0,43.3278672,-79.7872536,2195,1020
1,1,1,43.6403804,-79.3973372,2150,970
1,1,0,43.648953,-79.3857683,4000,1590
2,3,0,43.648953,-79.3857683,6500,1104
1,1,0,43.6952964,-79.300604,800,570
1,1,1,43.64787,-79.391138,3300,1530
1,1,1,43.8514089,-79.3256954,1800,1300
2,1,0,43.885455,-78.8354375,1000,749
1,1,0,43.6444084,-79.3765617,2200,1930
1,1,1,43.6485726,-79.3762754,2450,1360
3,1,0,43.336221,-79.7869004,2349,1490
1,1,0,43.6428849,-79.3806168,2300,960
2,2,0,43.642282,-79.3828265,3000,1397
2,2,0,43.85631,-79.3286298,2500,1092
1,1,0,43.6455289,-79.3837757,1500,970
1,1,0,43.6419081,-79.3817798,2050,1260
2,2,0,43.6439877,-79.4014038,2800,1018
3,2.5,0,43.965673,-78.1577347,1800,1281
1,1,0,43.958753,-78.1772499,1050,1180
2,2,0,43.4497718,-79.6652527,2200,989
1,1,0,44.0060219,-77.8881524,1000,1380
1,1,0,43.6658263,-79.3839939,1860,710
1,1,1,43.6469441,-79.3923973,2350,1100
3,2,0,43.6848515,-79.7755577,1900,1244
2,3,0,43.6546239,-79.3790756,2800,1002
1,1,0,43.6459543,-79.4039853,1800,1160
3,1,0,43.6606054,-79.3786354,3200,1677
2,1,0,43.6400685,-79.3999604,2800,1021
1,1,0,43.6450503,-79.3913411,3000,860
1,1,0,43.6683764,-79.3806431,1900,1960
1,1,0,43.3277142,-79.7889643,1425,1240
2,1,0,43.6525485,-79.3835118,2200,980
1,1,0,43.6591925,-79.4308293,1650,1540
1,1,0,43.717321,-79.42485,900,570
1,1,0,43.6249946,-79.4790453,2200,1580
1,1,1,43.641579,-79.4159028,2350,1070
1,1,0,43.6439387,-79.4014775,1900,1150
1,1,1,43.6469441,-79.3923973,2400,770
1,1,0,43.6402232,-79.395951,2200,1040
1,1,0,43.8751012,-79.4377534,1300,710
2,2,0,43.6404783,-79.3949699,3130,1121
1,1,0,43.653226,-79.3831843,2000,1900
1,1,0,43.6475126,-79.3927022,3750,1010
2,2,0,43.6374534,-79.4183866,2500,1031
1,1,0,43.6525889,-79.3677193,1500,1970
1,1,0,43.6525889,-79.3677193,1600,700
1,1,0,43.683063,-79.771759,1025,1380
1,1,1,43.6404402,-79.3918535,2550,530
1,1,0,43.6418726,-79.3819064,3300,990
1,1,0,43.6701586,-79.3756379,1450,990
1,1,0,43.6418726,-79.3819064,3300,1350
1,1,1,43.6659283,-79.383465,2680,580
1,1,1,43.6524993,-79.3669609,2300,1790
2,1,0,43.6419081,-79.3817798,2600,1013
1,1,0,43.5971347,-79.5232832,1000,1190
1,1,1,43.6527574,-79.3665108,2300,860
2,1,0,43.6430555,-79.3961791,1700,779
2,2,0,43.6363456,-79.404535,2800,1076
1,1,1,43.6238212,-79.4787279,2100,1960
1,1,0,43.640526,-79.3949037,1600,980
3,3,0,43.6715933,-79.3750834,4500,1896
1,1,0,43.6569138,-79.3945078,1200,1370
2,1,0,43.6848515,-79.7755577,1450,845
1,1,0,43.6438459,-79.391824,2400,600
1,1,0,43.8777664,-79.2624698,1750,620
1,2,1,43.653978,-79.3541341,2350,1210
3,1.5,0,43.320557,-79.803979,1850,1260
1,1,0,43.6641794,-79.3755059,1700,1510
1,1,0,43.6438459,-79.391824,2400,1090
1,1.5,1,43.6449299,-79.3921465,2650,1020
2,1,0,43.6605397,-79.3786617,2700,1017
1,1,0,43.6755072,-79.4150009,1100,1410
1,1,0,43.6592176,-79.3557961,1600,1420
2,2,0,43.6657528,-79.3855792,3200,1377
3,1,0,43.8997803,-78.8630636,1650,1281
2,1,0,43.6904633,-79.3815764,36900,1143
1,1,0,43.6410109,-79.4012807,2100,1270
2,1,0,43.653226,-79.3831843,2000,933
2,2,0,43.7658605,-79.3855003,2600,1052
1,1,0,43.6407261,-79.3955671,1950,1580
3,2,0,43.6410122,-79.3949476,6000,1687
1,1,0,43.6415965,-79.4234431,850,1750
1,1,0,43.6790427,-79.3765346,2350,990
1,1,0,43.6676141,-79.3864589,2500,550
2,1,0,43.8791605,-78.8602488,1295,700
1,1,0,43.662091,-79.4332913,935,1530
1,1,0,43.6387639,-79.4162418,2200,1590
3,2,0,43.7038237,-79.2717186,1700,1274
1,1,1,43.6573918,-79.3703149,1650,790
1,1,0,43.6489727,-79.3872946,2100,1470
2,2,0,43.6572984,-79.3843645,1500,855
1,1,0,43.659534,-79.3773535,2000,1980
1,1,0,43.8415157,-79.3928791,1700,660
2,1.5,0,43.6568825,-79.3835616,3000,1376
1,1,1,43.6488576,-79.3781453,2750,530
2,2,0,43.6461884,-79.3972358,3950,1237
1,1,0,43.64894,-79.378086,2390,1600
1,1,0,43.662091,-79.4332913,935,1530
1,1,0,43.6489727,-79.3872946,2150,950
3,2,0,43.6419081,-79.3817798,4900,1850
2,1,0,45.4925108,-73.5802928,1475,719
1,1,0,43.6709659,-79.3905934,3620,1200
1,1,0,43.6672287,-79.4375116,1600,830
1,1,0,43.6471746,-79.5202966,1950,1000
2,2,0,43.653978,-79.3541341,2800,1004
1,1,0,43.6494165,-79.3745473,1900,1890
1,1,1,43.6852857,-79.7614922,1900,780
1,1,0,43.6547038,-79.3789125,1980,920
1,1,0,43.6578373,-79.3806087,800,1580
1,1,0,43.6694569,-79.432457,1509,1960
2,2.5,0,43.6497827,-79.3804402,9750,1370
1,1,0,43.6472259,-79.3911003,2500,1720
1,1,0,43.64787,-79.391138,2200,1290
1,1,0,43.6396381,-79.4131037,1700,1560
2,1,0,43.3267271,-79.8021823,2500,1024
1,2,1,43.6598236,-79.3627273,2475,1530
1,1,0,43.6415283,-79.3833016,2400,700
1,1,0,43.7093349,-79.3416638,1200,630
1,1,0,43.6487423,-79.3784972,1600,900
3,2,0,43.795462,-79.521097,2000,1347
2,2,0,43.6387842,-79.3988635,3200,1233
2,1,0,43.6667515,-79.3762355,2699,1076
2,1,0,43.6092724,-79.557008,2300,1026
1,1,0,43.6739622,-79.4016325,1800,920
1,1,0,43.6546239,-79.3790756,2250,1320
2,2,0,43.6669805,-79.3888889,3500,1129
2,1,0,43.6417851,-79.3790058,2600,1045
1,1,1,43.6417851,-79.3790058,2600,1530
1,1,0,43.7697905,-79.4160562,1700,1270
2,2,0,43.665234,-79.3839957,3300,1103
1,1,0,43.6565308,-79.3860049,1550,1090
1,2,1,43.6274471,-79.4783741,99,1330
1,1,0,43.6544346,-79.3905934,2400,1700
2,2,0,43.84968,-79.3284796,2300,1067
1,1,0,43.3267271,-79.8021823,1475,1480
1,1,1,43.6409179,-79.3939821,2200,1740
1,1,0,43.7959865,-79.4158363,1600,1660
3,1,0,43.8884619,-78.955097,1550,1276
1,1,0,43.6676141,-79.3864589,2099,1740
1,1,1,43.8561002,-79.3370188,2000,1600
1,1,0,43.8569862,-79.324551,1900,610
1,1,1,43.8275826,-79.0913806,1700,1510
1,1,0,43.6397355,-79.3904175,2200,760
1,1.5,0,45.5105659,-73.5763854,1953,1850
2,2,0,43.6460058,-79.3899085,3050,1335
2,1.5,0,43.6476349,-79.3924836,1200,756
1,1,0,43.70519,-79.3238468,700,690
1,1,1,43.6410868,-79.3814048,2450,2000
1,1,1,43.6469441,-79.3923973,2250,980
1,1,0,43.6573918,-79.3703149,1500,590
1,1,0,43.6774284,-79.4579072,1000,1350
1,1,0,43.6575473,-79.4014643,2050,1370
1,1,0,43.6397558,-79.3772708,2400,640
1,1,0,43.6409127,-79.3939235,1900,1750
1,1,1,43.6469441,-79.3923973,2250,1550
2,2,0,43.6459244,-79.3753299,1500,818
1,1,0,43.6385923,-79.4009948,1900,1660
1,1,0,43.6546239,-79.3790756,2250,1510
2,2,0,43.6551919,-79.3539119,3000,1199
1,2,0,43.6577965,-79.3989649,1850,1200
1,1,0,43.6527574,-79.3665108,2050,1410
1,1,0,43.6626956,-79.4000493,1000,1300
1,1,0,43.6385213,-79.3994638,2450,1260
1,1,1,43.6465174,-79.3872066,3600,1790
1,1,0,43.6490235,-79.3884001,2200,1520
1,1,0,43.6364097,-79.4020034,1800,520
2,2,0,43.6444084,-79.3765617,3000,1152
2,2,0,43.6410868,-79.3814048,3150,1363
1,1,0,43.6418699,-79.3898457,1350,740
2,2,0,43.6416207,-79.3717276,3250,1392
2,2,0,43.3227584,-79.8071317,2000,1007
1,1,0,43.6505597,-79.3820722,1950,1490
1,2,1,43.8497521,-79.3246663,1800,1690
1,1,0,43.6658208,-79.3698808,2100,880
1,1,0,42.9857671,-81.243808,1235,1070
2,2,0,43.6601367,-79.3858692,2950,975
1,1,0,43.6554292,-79.4040073,1050,1740
1,1,0,43.6371775,-79.4269604,1300,970
1,1,0,43.6801285,-79.3401308,1275,1610
1,1,0,43.6521692,-79.3723385,1000,1740
1,1,0,43.6535202,-79.3737702,2100,500
1,1,1,56.130366,-106.346771,1830,1060
1,1,0,43.780021,-79.2948144,1200,1470
1,1,0,43.6655881,-79.383028,2200,590
1,1,0,43.6655881,-79.383028,1850,910
1,1,0,43.6538857,-79.3880868,2100,620
2,1.5,0,43.6460983,-79.3760549,2600,1011
1,1,0,43.6462197,-79.3981256,2175,1000
2,2,0,43.7181688,-79.5619244,1800,893
2,2,0,43.6490235,-79.3884001,4500,1238
1,1,0,43.6494054,-79.3927116,2000,1170
1,1,0,43.653226,-79.3831843,2175,1910
1,1,0,43.6409222,-79.393983,1900,850
1,1.5,1,43.6375098,-79.3977774,2400,930
1,1,1,43.6476273,-79.3904081,2600,1170
1,1,0,43.6418738,-79.4103246,2100,1090
1,1,0,43.6384911,-79.3909892,2100,630
1,1,0,43.6489727,-79.3872946,2200,930
1,1,0,43.6635722,-79.3819958,1725,1550
2,2,0,51.0491572,-114.0822146,2500,946
1,1,0,43.6701358,-79.3787108,1200,1700
3,3,0,43.6425685,-79.3934596,4900,1744
1,1,0,43.6468075,-79.4027979,2150,560
1,1,0,43.658981,-79.362919,2600,1690
2,1,0,43.6923489,-79.3196212,2000,904
1,2,1,43.6274471,-79.4783741,2400,1990
1,1,0,43.6544596,-79.3758138,1700,930
2,1,0,43.6582784,-79.4084366,600,1000
2,1,0,43.6289467,-79.3944199,3200,1371
1,1,0,43.6535096,-79.3946201,1400,500
1,1,0,43.6527574,-79.3665108,2300,1130
1,1,0,43.6720333,-79.370728,2800,1170
2,1,0,43.6356022,-79.5412007,2400,1039
1,1,0,43.6418064,-79.3789807,2300,1540
1,1,0,43.6418064,-79.3789807,1800,1820
2,1,0,43.6525195,-79.3890778,3700,1388
1,1,1,43.6402671,-79.3910061,2500,830
1,1,0,43.6575994,-79.38364,2300,1420
2,2,0,43.2464154,-79.8541384,1950,763
1,1,0,43.6486599,-79.3815764,900,830
1,1,0,43.660846,-79.3787556,1800,790
3,2,0,43.6616535,-79.3775582,3999,1786
3,1,0,43.766969,-79.4967538,2500,1489
1,1,0,43.6554292,-79.4040073,1050,1240
1,1,0,43.6527574,-79.3665108,2000,1040
1,1,0,43.6455947,-79.386063,2000,710
1,1,0,43.6464336,-79.3978064,2500,660
2,2,0,43.6611027,-79.3821061,2800,965
1,1,1,43.6408637,-79.3957393,2350,2000
1,1,0,43.7414078,-79.8160169,900,1230
1,1,0,43.6539487,-79.3885701,2100,1540
1,1,0,43.6503241,-79.3779693,1400,860
1,1,0,43.6384219,-79.3975956,2000,870
1,1,0,43.6500917,-79.3873738,3200,1520
1,1,0,43.6465162,-79.3800596,1000,570
2,2,0,43.6476244,-79.3968608,2850,907
1,1,0,43.7004274,-79.2961132,1000,730
1,1,0,43.645641,-79.3929534,2400,1480
2,2,0,43.6240747,-79.4849171,2350,1068
2,1,0,43.8378274,-79.3879043,2300,961
1,1,0,43.6428849,-79.3806168,2300,1580
1,1,0,43.8786049,-79.4879649,2400,1450
1,1.5,1,43.6605397,-79.3786617,2300,520
2,2,0,43.85631,-79.3286298,2400,1009
1,1,1,43.6490665,-79.37693,2500,1940
2,1,0,43.6757718,-79.4114831,1500,852
1,1,1,43.6358692,-79.5401518,1800,890
1,1,0,43.6505597,-79.3820722,2200,1800
2,2,0,43.653226,-79.3831843,1750,891
1,1,1,43.6547882,-79.3597037,1000,790
1,1.5,1,43.6381439,-79.39751,2400,1410
1,1,0,43.6447757,-79.3665735,4000,1560
1,1,0,43.661091,-79.3825001,1600,1350
1,1,0,43.6406456,-79.380939,4000,710
3,2,0,43.6472259,-79.3911003,8000,1557
1,1,1,43.8275826,-79.0913806,1700,1670
1,1,0,43.670726,-79.3107743,950,1630
1,1,0,43.6542281,-79.3670154,700,1670
1,1,0,43.6416207,-79.3717276,2700,1900
1,1,0,43.6547234,-79.3814004,700,1420
1,2,1,43.8518852,-79.336294,1900,1220
2,2,0,43.6372559,-79.5382147,2500,1052
1,1,0,43.6547069,-79.379245,1650,1080
1,1,0,43.6655297,-79.3954754,1000,640
1,1,0,43.6465801,-79.3998612,1199,1770
1,1,0,43.6691213,-79.3847434,1500,580
2,1.5,0,43.6418726,-79.3819064,3200,1317
2,2,0,43.6375235,-79.400877,3100,1109
1,1,0,43.723587,-79.3248786,300,980
2,1,0,43.6805461,-79.4175732,2100,1003
1,1,0,43.6599624,-79.3850953,1600,1640
1,1,0,43.6420888,-79.3816864,1950,1610
1,1,0,43.5872775,-79.6391576,1950,640
2,2,0,43.6594213,-79.3610251,2600,921
1,1,0,43.658974,-79.3840397,2000,1470
2,2,0,43.6476244,-79.3968608,3000,1381
3,2,0,43.3228434,-79.8077184,2400,1441
3,1,0,43.3252332,-79.8021823,3000,1559
1,1,0,43.4454259,-79.7368328,1200,800
1,1,0,43.6833856,-79.3094088,1800,650
2,1,0,43.653636,-79.3808726,2200,1067
1,1,0,43.6699315,-79.3754627,2150,1890
